-- MySQL dump 10.13  Distrib 5.6.16, for debian-linux-gnu (x86_64)
--
-- Host: localhost    Database: python18120327
-- ------------------------------------------------------
-- Server version	5.6.16-1~exp1

/*!40101 SET @OLD_CHARACTER_SET_CLIENT=@@CHARACTER_SET_CLIENT */;
/*!40101 SET @OLD_CHARACTER_SET_RESULTS=@@CHARACTER_SET_RESULTS */;
/*!40101 SET @OLD_COLLATION_CONNECTION=@@COLLATION_CONNECTION */;
/*!40101 SET NAMES utf8 */;
/*!40103 SET @OLD_TIME_ZONE=@@TIME_ZONE */;
/*!40103 SET TIME_ZONE='+00:00' */;
/*!40014 SET @OLD_UNIQUE_CHECKS=@@UNIQUE_CHECKS, UNIQUE_CHECKS=0 */;
/*!40014 SET @OLD_FOREIGN_KEY_CHECKS=@@FOREIGN_KEY_CHECKS, FOREIGN_KEY_CHECKS=0 */;
/*!40101 SET @OLD_SQL_MODE=@@SQL_MODE, SQL_MODE='NO_AUTO_VALUE_ON_ZERO' */;
/*!40111 SET @OLD_SQL_NOTES=@@SQL_NOTES, SQL_NOTES=0 */;

--
-- Table structure for table `alembic_version`
--

DROP TABLE IF EXISTS `alembic_version`;
/*!40101 SET @saved_cs_client     = @@character_set_client */;
/*!40101 SET character_set_client = utf8 */;
CREATE TABLE `alembic_version` (
  `version_num` varchar(32) NOT NULL,
  PRIMARY KEY (`version_num`)
) ENGINE=InnoDB DEFAULT CHARSET=utf8;
/*!40101 SET character_set_client = @saved_cs_client */;

--
-- Dumping data for table `alembic_version`
--

LOCK TABLES `alembic_version` WRITE;
/*!40000 ALTER TABLE `alembic_version` DISABLE KEYS */;
INSERT INTO `alembic_version` VALUES ('78080733bd1e');
/*!40000 ALTER TABLE `alembic_version` ENABLE KEYS */;
UNLOCK TABLES;

--
-- Table structure for table `cat`
--

DROP TABLE IF EXISTS `cat`;
/*!40101 SET @saved_cs_client     = @@character_set_client */;
/*!40101 SET character_set_client = utf8 */;
CREATE TABLE `cat` (
  `id` int(11) NOT NULL AUTO_INCREMENT,
  `name` varchar(100) DEFAULT NULL,
  `color` varchar(40) DEFAULT NULL,
  `age` int(11) DEFAULT NULL,
  PRIMARY KEY (`id`)
) ENGINE=InnoDB AUTO_INCREMENT=5 DEFAULT CHARSET=utf8;
/*!40101 SET character_set_client = @saved_cs_client */;

--
-- Dumping data for table `cat`
--

LOCK TABLES `cat` WRITE;
/*!40000 ALTER TABLE `cat` DISABLE KEYS */;
INSERT INTO `cat` VALUES (1,'汤姆','黑白',10),(2,'小花','花色',5),(3,'旺财','绿色',4),(4,'来福','土黄色',6);
/*!40000 ALTER TABLE `cat` ENABLE KEYS */;
UNLOCK TABLES;

--
-- Table structure for table `city`
--

DROP TABLE IF EXISTS `city`;
/*!40101 SET @saved_cs_client     = @@character_set_client */;
/*!40101 SET character_set_client = utf8 */;
CREATE TABLE `city` (
  `id` int(11) NOT NULL AUTO_INCREMENT,
  `parentId` int(11) DEFAULT NULL,
  `regionName` varchar(40) DEFAULT NULL,
  `cityCode` int(11) DEFAULT NULL,
  `pinYin` varchar(40) DEFAULT NULL,
  `letter_id` int(11) DEFAULT NULL,
  PRIMARY KEY (`id`),
  KEY `letter_id` (`letter_id`),
  CONSTRAINT `city_ibfk_1` FOREIGN KEY (`letter_id`) REFERENCES `letter` (`id`)
) ENGINE=InnoDB AUTO_INCREMENT=5789 DEFAULT CHARSET=utf8;
/*!40101 SET character_set_client = @saved_cs_client */;

--
-- Dumping data for table `city`
--

LOCK TABLES `city` WRITE;
/*!40000 ALTER TABLE `city` DISABLE KEYS */;
INSERT INTO `city` VALUES (1,0,'上海',310100,'SHANGHAI',4),(3,0,'北京',110100,'BEIJING',9),(8,0,'广州',440100,'GUANGZHOU',17),(10,0,'武汉',420100,'WUHAN',1),(16,0,'杭州',330100,'HANGZHOU',15),(18,0,'昆明',530100,'KUNMING',7),(22,0,'天津',120100,'TIANJIN',11),(28,0,'深圳',440300,'SHENZHEN',4),(40,0,'重庆',500100,'CHONGQING',12),(43,0,'郑州',410100,'ZHENGZHOU',10),(46,0,'西安',610100,'XIAN',14),(51,0,'青岛',370200,'QINGDAO',8),(59,0,'石家庄',130100,'SHIJIAZHUANG',4),(61,0,'佛山',440600,'FOSHAN',22),(63,0,'南京',320100,'NANJING',19),(66,0,'绍兴',330600,'SHAOXING',4),(68,0,'十堰',420300,'SHIYAN',4),(70,0,'成都',510100,'CHENGDU',12),(75,0,'沈阳',210100,'SHENYANG',4),(81,0,'太原',140100,'TAIYUAN',11),(83,0,'唐山',130200,'TANGSHAN',11),(89,0,'厦门',350200,'XIAMEN',14),(93,0,'周口',411600,'ZHOUKOU',10),(95,0,'徐州',320300,'XUZHOU',14),(98,0,'福州',350100,'FUZHOU',22),(102,0,'清远',441800,'QINGYUAN',8),(105,0,'烟台',370600,'YANTAI',2),(107,0,'苏州',320500,'SUZHOU',4),(109,0,'东莞',441900,'DONGGUAN',20),(132,0,'南通',320600,'NANTONG',19),(142,0,'金华',330700,'JINHUA',6),(145,0,'衢州',330800,'QUZHOU',8),(147,0,'宁波',330200,'NINGBO',19),(151,0,'无锡',320200,'WUXI',1),(156,0,'嘉兴',330400,'JIAXING',6),(163,0,'惠州',441300,'HUIZHOU',15),(170,0,'马鞍山',340500,'MAANSHAN',18),(173,0,'湖州',330500,'HUZHOU',15),(181,0,'台州',331000,'TAIZHOU',11),(188,0,'宝鸡',610300,'BAOJI',9),(191,0,'铜陵',340700,'TONGLING',11),(193,0,'宿州',341300,'SUZHOU',4),(196,0,'安庆',340800,'ANQING',5),(200,0,'蚌埠',340300,'BENGBU',9),(205,0,'池州',341700,'CHIZHOU',12),(207,0,'滁州',341100,'CHUZHOU',12),(210,0,'合肥',340100,'HEFEI',15),(215,0,'淮南',340400,'HUAINAN',15),(217,0,'黄山',341000,'HUANGSHAN',15),(219,0,'芜湖',340200,'WUHU',1),(224,0,'宣城',341800,'XUANCHENG',14),(227,0,'六安',341500,'LIUAN',16),(239,0,'三明',350400,'SANMING',4),(243,0,'漳州',350600,'ZHANGZHOU',10),(245,0,'泉州',350500,'QUANZHOU',8),(254,0,'南平',350700,'NANPING',19),(263,0,'龙岩',350800,'LONGYAN',16),(268,0,'宁德',350900,'NINGDE',19),(271,0,'莆田',350300,'PUTIAN',21),(275,0,'白银',620400,'BAIYIN',9),(277,0,'酒泉',620900,'JIUQUAN',6),(279,0,'兰州',620100,'LANZHOU',16),(284,0,'武威',620600,'WUWEI',1),(286,0,'张掖',620700,'ZHANGYE',10),(288,0,'陇南',621200,'LONGNAN',16),(290,0,'汕头',440500,'SHANTOU',4),(294,0,'汕尾',441500,'SHANWEI',4),(296,0,'韶关',440200,'SHAOGUAN',4),(317,0,'江门',440700,'JIANGMEN',6),(319,0,'河源',441600,'HEYUAN',15),(327,0,'揭阳',445200,'JIEYANG',6),(329,0,'阳江',441700,'YANGJIANG',2),(332,0,'云浮',445300,'YUNFU',2),(334,0,'湛江',440800,'ZHANJIANG',10),(337,0,'肇庆',441200,'ZHAOQING',10),(339,0,'中山',442000,'ZHONGSHAN',10),(346,0,'珠海',440400,'ZHUHAI',10),(348,0,'茂名',440900,'MAOMING',18),(350,0,'梅州',441400,'MEIZHOU',18),(356,0,'百色',451000,'BAISE',9),(358,0,'北海',450500,'BEIHAI',9),(360,0,'防城港',450600,'FANGCHENGGANG',22),(362,0,'贵港',450800,'GUIGANG',17),(364,0,'桂林',450300,'GUILIN',17),(370,0,'贺州',451100,'HEZHOU',15),(372,0,'南宁',450100,'NANNING',19),(374,0,'梧州',450400,'WUZHOU',1),(378,0,'玉林',450900,'YULIN',2),(380,0,'柳州',450200,'LIUZHOU',16),(386,0,'铜仁',522201,'TONGREN',11),(388,0,'安顺',520400,'ANSHUN',5),(390,0,'毕节',522401,'BIJIE',9),(394,0,'贵阳',520100,'GUIYANG',17),(403,0,'遵义',520300,'ZUNYI',10),(406,0,'六盘水',520200,'LIUPANSHUI',16),(410,0,'三亚',460200,'SANYA',4),(414,0,'海口',460100,'HAIKOU',15),(419,0,'廊坊',131000,'LANGFANG',16),(426,0,'保定',130600,'BAODING',9),(430,0,'沧州',130900,'CANGZHOU',12),(433,0,'承德',130800,'CHENGDE',12),(435,0,'邯郸',130400,'HANDAN',15),(441,0,'邢台',130500,'XINGTAI',14),(443,0,'张家口',130700,'ZHANGJIAKOU',10),(446,0,'秦皇岛',130300,'QINHUANGDAO',8),(449,0,'三门峡',411200,'SANMENXIA',4),(452,0,'商丘',411400,'SHANGQIU',4),(454,0,'安阳',410500,'ANYANG',5),(458,0,'濮阳',410900,'PUYANG',21),(460,0,'鹤壁',410600,'HEBI',15),(462,0,'焦作',410800,'JIAOZUO',6),(466,0,'开封',410200,'KAIFENG',7),(470,0,'信阳',411500,'XINYANG',14),(472,0,'新乡',410700,'XINXIANG',14),(477,0,'许昌',411000,'XUCHANG',14),(484,0,'驻马店',411700,'ZHUMADIAN',10),(486,0,'洛阳',410300,'LUOYANG',16),(495,0,'漯河',411100,'LUOHE',16),(499,0,'南阳',411300,'NANYANG',19),(502,0,'平顶山',410400,'PINGDINGSHAN',21),(508,0,'哈尔滨',230100,'HAERBIN',15),(511,0,'绥化',231200,'SUIHUA',4),(514,0,'大庆',230600,'DAQING',20),(521,0,'鸡西',230300,'JIXI',6),(523,0,'佳木斯',230800,'JIAMUSI',6),(528,0,'牡丹江',231000,'MUDANJIANG',18),(530,0,'齐齐哈尔',230200,'QIQIHAER',8),(534,0,'随州',421300,'SUIZHOU',4),(536,0,'荆门',420800,'JINGMEN',6),(538,0,'咸宁',421200,'XIANNING',14),(541,0,'恩施',422800,'ENSHI',3),(543,0,'鄂州',420700,'EZHOU',3),(545,0,'荆州',421000,'JINGZHOU',6),(547,0,'黄冈',421100,'HUANGGANG',15),(550,0,'黄石',420200,'HUANGSHI',15),(565,0,'宜昌',420500,'YICHANG',2),(569,0,'仙桃',429004,'XIANTAO',14),(571,0,'邵阳',430500,'SHAOYANG',4),(573,0,'常德',430700,'CHANGDE',12),(576,0,'长沙',430100,'CHANGSHA',12),(585,0,'郴州',431000,'CHENZHOU',12),(587,0,'衡阳',430400,'HENGYANG',15),(590,0,'怀化',431200,'HUAIHUA',15),(595,0,'娄底',431300,'LOUDI',16),(597,0,'株洲',430200,'ZHUZHOU',10),(599,0,'湘潭',430300,'XIANGTAN',14),(602,0,'湘西',433100,'XIANGXI',14),(605,0,'益阳',430900,'YIYANG',2),(607,0,'岳阳',430600,'YUEYANG',2),(619,0,'通化',220500,'TONGHUA',11),(621,0,'四平',220300,'SIPING',4),(623,0,'长春',220100,'CHANGCHUN',12),(628,0,'吉林',220200,'JILIN',6),(630,0,'辽源',220400,'LIAOYUAN',16),(634,0,'白山',220600,'BAISHAN',9),(640,0,'泰州',321200,'TAIZHOU',11),(642,0,'盐城',320900,'YANCHENG',2),(644,0,'宿迁',321300,'SUQIAN',4),(651,0,'常州',320400,'CHANGZHOU',12),(657,0,'镇江',321100,'ZHENJIANG',10),(660,0,'扬州',321000,'YANGZHOU',2),(666,0,'淮安',320800,'HUAIAN',15),(677,0,'连云港',320700,'LIANYUNGANG',16),(711,0,'萍乡',360300,'PINGXIANG',21),(713,0,'上饶',361100,'SHANGRAO',4),(716,0,'宜春',360900,'YICHUN',2),(718,0,'赣州',360700,'GANZHOU',17),(724,0,'景德镇',360200,'JINGDEZHEN',6),(726,0,'九江',360400,'JIUJIANG',6),(731,0,'襄阳',420600,'XIANGYANG',14),(733,0,'新余',360500,'XINYU',14),(738,0,'南昌',360100,'NANCHANG',19),(745,0,'抚州',361000,'FUZHOU',22),(747,0,'吉安',360800,'JIAN',6),(753,0,'丹东',210600,'DANDONG',20),(758,0,'鞍山',210300,'ANSHAN',5),(760,0,'本溪',210500,'BENXI',9),(763,0,'大连',210200,'DALIAN',20),(770,0,'抚顺',210400,'FUSHUN',22),(774,0,'营口',210800,'YINGKOU',2),(776,0,'葫芦岛',211400,'HULUDAO',15),(779,0,'锦州',210700,'JINZHOU',6),(784,0,'盘锦',211100,'PANJIN',21),(787,0,'通辽',150500,'TONGLIAO',11),(789,0,'巴彦淖尔',150800,'BAYANNAOER',9),(791,0,'赤峰',150400,'CHIFENG',12),(793,0,'鄂尔多斯',150600,'EERDUOSI',3),(796,0,'呼和浩特',150100,'HUHEHAOTE',15),(801,0,'呼伦贝尔',150700,'HULUNBEIER',15),(803,0,'乌海',150300,'WUHAI',1),(807,0,'石嘴山',640200,'SHIZUISHAN',4),(810,0,'银川',640100,'YINCHUAN',2),(814,0,'西宁',630100,'XINING',14),(817,0,'泰安',370900,'TAIAN',11),(821,0,'潍坊',370700,'WEIFANG',1),(824,0,'滨州',371600,'BINZHOU',9),(827,0,'德州',371400,'DEZHOU',20),(829,0,'东营',370500,'DONGYING',20),(832,0,'菏泽',371700,'HEZE',15),(837,0,'济南',370100,'JINAN',6),(842,0,'济宁',370800,'JINING',6),(847,0,'聊城',371500,'LIAOCHENG',16),(849,0,'临沂',371300,'LINYI',16),(853,0,'威海',371000,'WEIHAI',1),(857,0,'枣庄',370400,'ZAOZHUANG',10),(860,0,'淄博',370300,'ZIBO',10),(877,0,'日照',371100,'RIZHAO',13),(879,0,'莱芜',371200,'LAIWU',16),(883,0,'长治',140400,'CHANGZHI',12),(885,0,'大同',140200,'DATONG',20),(888,0,'运城',140800,'YUNCHENG',2),(890,0,'临汾',141000,'LINFEN',16),(892,0,'晋城',140500,'JINCHENG',6),(894,0,'晋中',140700,'JINZHONG',6),(897,0,'商洛',611000,'SHANGLUO',4),(899,0,'安康',610900,'ANKANG',5),(902,0,'汉中',610700,'HANZHONG',15),(905,0,'渭南',610500,'WEINAN',1),(912,0,'延安',610600,'YANAN',2),(914,0,'榆林',610800,'YULIN',2),(918,0,'咸阳',610400,'XIANYANG',14),(922,0,'遂宁',510900,'SUINING',4),(925,0,'巴中',511900,'BAZHONG',9),(935,0,'达州',511700,'DAZHOU',20),(937,0,'德阳',510600,'DEYANG',20),(940,0,'乐山',511100,'LESHAN',16),(944,0,'绵阳',510700,'MIANYANG',18),(949,0,'宜宾',511500,'YIBIN',2),(951,0,'攀枝花',510400,'PANZHIHUA',21),(955,0,'自贡',510300,'ZIGONG',10),(957,0,'资阳',512000,'ZIYANG',10),(959,0,'泸州',510500,'LUZHOU',16),(961,0,'眉山',511400,'MEISHAN',18),(968,0,'南充',511300,'NANCHONG',19),(970,0,'内江',511000,'NEIJIANG',19),(979,0,'拉萨',540100,'LASA',16),(983,0,'昌吉',652301,'CHANGJI',12),(985,0,'喀什',653101,'KASHEN',7),(987,0,'乌鲁木齐',650100,'WULUMUQI',1),(992,0,'丽江',530700,'LIJIANG',16),(994,0,'保山',530500,'BAOSHAN',9),(996,0,'楚雄',532301,'CHUXIONG',12),(998,0,'大理',532901,'DALI',20),(1002,0,'红河',532500,'HONGHE',15),(1008,0,'临沧',530900,'LINCANG',16),(1010,0,'西双版纳',532800,'XISHUANGBANNA',14),(1012,0,'玉溪',530400,'YUXI',2),(1016,0,'曲靖',530300,'QUJING',8),(1039,0,'丽水',331100,'LISHUI',16),(1047,0,'温州',330300,'WENZHOU',1),(1055,0,'舟山',330900,'ZHOUSHAN',10),(1102,0,'济源',410881,'JIYUAN',6),(1104,0,'伊犁',654000,'YILI',2),(1119,0,'天水',620500,'TIANSHUI',11),(1124,0,'琼海',469002,'QIONGHAI',8),(1125,0,'阜阳',341200,'FUYANG',22),(1126,0,'亳州',341600,'BOZHOU',9),(1127,0,'淮北',340600,'HUAIBEI',15),(1135,0,'定西',621100,'DINGXI',20),(1136,0,'嘉峪关',620200,'JIAYUGUAN',6),(1137,0,'平凉',620800,'PINGLIANG',21),(1138,0,'潮州',445100,'CHAOZHOU',12),(1144,0,'河池',451200,'HECHI',15),(1145,0,'钦州',450700,'QINZHOU',8),(1148,0,'衡水',131100,'HENGSHUI',15),(1154,0,'鹤岗',230400,'HEGANG',15),(1158,0,'潜江',429005,'QIANJIANG',8),(1159,0,'天门',429006,'TIANMEN',11),(1160,0,'孝感',420900,'XIAOGAN',14),(1164,0,'永州',431100,'YONGZHOU',2),(1170,0,'鹰潭',360600,'YINGTAN',2),(1174,0,'松原',220700,'SONGYUAN',4),(1176,0,'阜新',210900,'FUXIN',22),(1178,0,'辽阳',211000,'LIAOYANG',16),(1179,0,'铁岭',211200,'TIELING',11),(1181,0,'包头',150200,'BAOTOU',9),(1183,0,'固原',640400,'GUYUAN',17),(1184,0,'中卫',640500,'ZHONGWEI',10),(1187,0,'铜川',610200,'TONGCHUAN',11),(1194,0,'吕梁',141100,'LULIANG',16),(1195,0,'阳泉',140300,'YANGQUAN',2),(1200,0,'石河子',659001,'SHIHEZI',4),(1236,0,'张家界',430800,'ZHANGGUJIE',10),(2166,43,'巩义市',410181,'GONGYI',17),(3071,0,'儋州',469003,'DAN',20),(3090,0,'阿克苏',652901,'AKESU',5),(3198,0,'普洱',530800,'PUER',21),(3244,0,'朝阳',211300,'CHAOYANG',12),(3269,0,'文山',532621,'WENSHAN',1),(3303,0,'锡林郭勒',152500,'XILINGUOLE',14),(3318,0,'庆阳',621000,'QINGYANG',8),(3432,0,'忻州',140900,'XINZHOU',14),(3438,0,'雅安',511800,'YAAN',2),(3453,0,'广元',510800,'GUANGYUAN',17),(3463,0,'伊春',230700,'YICHUN',2),(3498,0,'临夏',622900,'LINXIA',16),(3556,0,'金昌',620300,'JINCHANG',6),(3629,0,'朔州',140600,'SHUOZHOU',4),(3630,0,'乌兰察布',150900,'WULANCHABU',1),(3631,0,'兴安盟',152200,'XINGAN',14),(3632,0,'阿拉善',152900,'ALASHAN',5),(3633,0,'白城',220800,'BAICHENG',9),(3634,0,'延边',222400,'YANBIAN',2),(3635,0,'双鸭山',230500,'SHUANGYASHAN',4),(3637,0,'黑河',231100,'HEIHE',15),(3639,0,'来宾',451300,'LAIBIN',16),(3640,0,'崇左',451400,'CHONGZUO',12),(3642,0,'广安',511600,'GUANGAN',17),(3643,0,'阿坝',513200,'ABA',5),(3644,0,'甘孜',513300,'GANZI',17),(3645,0,'凉山',513400,'LIANGSHAN',16),(3646,0,'黔西南',522300,'QIANXINAN',8),(3647,0,'黔东南',522600,'QIANDONGNAN',8),(3648,0,'黔南',522700,'QIANNAN',8),(3649,0,'昭通',530600,'ZHAOTONG',10),(3650,0,'德宏',533100,'DEHONG',20),(3651,0,'怒江',533300,'NUJIANG',19),(3658,0,'甘南',623000,'GANNAN',17),(3659,0,'海东',630200,'HAIDONG',15),(3665,0,'海西',632800,'HAIXI',15),(3666,0,'吴忠',640300,'WUZHONG',1),(3667,0,'克拉玛依',650200,'KELAMAYI',7),(3668,0,'吐鲁番',652100,'TULUFAN',11),(3669,0,'哈密',652200,'HAMI',15),(3674,0,'塔城',654200,'TACHENG',11),(4635,151,'江阴市',320281,'JIANGYIN',6),(4636,151,'宜兴',320282,'YIXINGSHI',2),(4905,0,'登封',410185,'DENGFENG',20),(5534,0,'万宁',469006,'WANNING',1),(5590,0,'临高',469024,'LINGAO',16),(5742,0,'东方',469007,'DONGFANG',20),(5747,0,'库尔勒',652801,'KUERLE',7),(5754,0,'五家渠',659004,'WUJIAQU',1),(5763,0,'新密',410183,'XINMI',14),(5773,0,'文昌',469005,'WENCHANG',1),(5781,0,'昌江',360202,'CHANGJIANG',12),(5788,0,'海南州',632500,'HAINANZHOU',15);
/*!40000 ALTER TABLE `city` ENABLE KEYS */;
UNLOCK TABLES;

--
-- Table structure for table `letter`
--

DROP TABLE IF EXISTS `letter`;
/*!40101 SET @saved_cs_client     = @@character_set_client */;
/*!40101 SET character_set_client = utf8 */;
CREATE TABLE `letter` (
  `id` int(11) NOT NULL AUTO_INCREMENT,
  `name` varchar(4) DEFAULT NULL,
  PRIMARY KEY (`id`)
) ENGINE=InnoDB AUTO_INCREMENT=23 DEFAULT CHARSET=utf8;
/*!40101 SET character_set_client = @saved_cs_client */;

--
-- Dumping data for table `letter`
--

LOCK TABLES `letter` WRITE;
/*!40000 ALTER TABLE `letter` DISABLE KEYS */;
INSERT INTO `letter` VALUES (1,'W'),(2,'Y'),(3,'E'),(4,'S'),(5,'A'),(6,'J'),(7,'K'),(8,'Q'),(9,'B'),(10,'Z'),(11,'T'),(12,'C'),(13,'R'),(14,'X'),(15,'H'),(16,'L'),(17,'G'),(18,'M'),(19,'N'),(20,'D'),(21,'P'),(22,'F');
/*!40000 ALTER TABLE `letter` ENABLE KEYS */;
UNLOCK TABLES;

--
-- Table structure for table `user`
--

DROP TABLE IF EXISTS `user`;
/*!40101 SET @saved_cs_client     = @@character_set_client */;
/*!40101 SET character_set_client = utf8 */;
CREATE TABLE `user` (
  `id` int(11) NOT NULL AUTO_INCREMENT,
  `username` varchar(100) DEFAULT NULL,
  `password` varchar(256) DEFAULT NULL,
  `email` varchar(20) DEFAULT NULL,
  `permissions` int(11) DEFAULT NULL,
  `icon` varchar(256) DEFAULT NULL,
  `isactive` tinyint(1) DEFAULT NULL,
  `isdelte` tinyint(1) DEFAULT NULL,
  PRIMARY KEY (`id`),
  UNIQUE KEY `email` (`email`),
  UNIQUE KEY `username` (`username`)
) ENGINE=InnoDB AUTO_INCREMENT=19 DEFAULT CHARSET=utf8;
/*!40101 SET character_set_client = @saved_cs_client */;

--
-- Dumping data for table `user`
--

LOCK TABLES `user` WRITE;
/*!40000 ALTER TABLE `user` DISABLE KEYS */;
INSERT INTO `user` VALUES (18,'yy','pbkdf2:sha256:150000$KP0Xhu8N$7a019ef3e977779a63dda0866bf44753e4bb9cbd7f2b41ad38f84c2999319830','18924235915@163.com',1,'atom.png',1,0);
/*!40000 ALTER TABLE `user` ENABLE KEYS */;
UNLOCK TABLES;
/*!40103 SET TIME_ZONE=@OLD_TIME_ZONE */;

/*!40101 SET SQL_MODE=@OLD_SQL_MODE */;
/*!40014 SET FOREIGN_KEY_CHECKS=@OLD_FOREIGN_KEY_CHECKS */;
/*!40014 SET UNIQUE_CHECKS=@OLD_UNIQUE_CHECKS */;
/*!40101 SET CHARACTER_SET_CLIENT=@OLD_CHARACTER_SET_CLIENT */;
/*!40101 SET CHARACTER_SET_RESULTS=@OLD_CHARACTER_SET_RESULTS */;
/*!40101 SET COLLATION_CONNECTION=@OLD_COLLATION_CONNECTION */;
/*!40111 SET SQL_NOTES=@OLD_SQL_NOTES */;

-- Dump completed on 2019-03-28 15:12:00
